{
  "project_info": {
    "project_number": "1008790879805",
    "project_id": "lab05-301",
    "storage_bucket": "lab05-301.appspot.com"
  },
  "client": [
    {
      "client_info": {
        "mobilesdk_app_id": "1:1008790879805:android:e103faa794aaa2d874b454",
        "android_client_info": {
          "package_name": "com.example.simpleparadox.listycity"
        }
      },
      "oauth_client": [
        {
          "client_id": "1008790879805-ussb634pq97vl36e6ind987f7fef8iod.apps.googleusercontent.com",
          "client_type": 3
        }
      ],
      "api_key": [
        {
          "current_key": "AIzaSyCWp0WBQWxIEZ_ntJo2K-BnpMLI0QEPSSg"
        }
      ],
      "services": {
        "appinvite_service": {
          "other_platform_oauth_client": [
            {
              "client_id": "1008790879805-ussb634pq97vl36e6ind987f7fef8iod.apps.googleusercontent.com",
              "client_type": 3
            }
          ]
        }
      }
    }
  ],
  "configuration_version": "1"
}